Name,Email,Password
Marcus,kari.hayes@hotmail.com,DEFAULTPASSWORD
Dominick,koss.sam@aufderhar.com,DEFAULTPASSWORD
Shianne,kailey72@hotmail.com,DEFAULTPASSWORD
Mark,ruecker.ludie@gmail.com,DEFAULTPASSWORD
Malia,hahn.raheem@hotmail.com,DEFAULTPASSWORD
Will,uullrich@king.com,DEFAULTPASSWORD
Elexis,uriah53@torphy.com,DEFAULTPASSWORD
Nakia,halvorson.agustina@yahoo.com,DEFAULTPASSWORD
Noor,xdenesik@ernser.com,DEFAULTPASSWORD
Rylie,zhodkiewicz@monahan.com,DEFAULTPASSWORD
Khadijah,herman.vernon@streich.com,DEFAULTPASSWORD
Kamron,mara16@yahoo.com,DEFAULTPASSWORD
Stefany,norma80@hotmail.com,DEFAULTPASSWORD
Dewayne,phegmann@gmail.com,DEFAULTPASSWORD
Shantel,marion17@yahoo.com,DEFAULTPASSWORD
Reynaldo,sydney.heller@gmail.com,DEFAULTPASSWORD
Oscar,hailey02@gmail.com,DEFAULTPASSWORD
Blanca,liza.zulauf@yahoo.com,DEFAULTPASSWORD
Rogelio,emmet.nader@hoppe.com,DEFAULTPASSWORD
Camron,kathleen.okon@pfeffer.com,DEFAULTPASSWORD
Ireland,zion.abernathy@smith.info,DEFAULTPASSWORD
Sonny,epollich@hotmail.com,DEFAULTPASSWORD
Braiden,tevin43@hotmail.com,DEFAULTPASSWORD
Kayle,kcarter@yahoo.com,DEFAULTPASSWORD
Braeden,jannie66@price.info,DEFAULTPASSWORD
Jayvon,annamae.lebsack@veum.com,DEFAULTPASSWORD
Jesse,dan.wisozk@reinger.biz,DEFAULTPASSWORD
Tyla,klocko.verdie@gmail.com,DEFAULTPASSWORD
Kirk,dave.thiel@lueilwitz.com,DEFAULTPASSWORD
Stevie,herminia54@bergstrom.com,DEFAULTPASSWORD
Trevon,zulauf.felipe@yahoo.com,DEFAULTPASSWORD
Shira,krajcik.cindy@schroeder.com,DEFAULTPASSWORD
Cameryn,bailey.adrain@hotmail.com,DEFAULTPASSWORD
Taya,lynch.ray@yahoo.com,DEFAULTPASSWORD
Anders,laurine23@marks.net,DEFAULTPASSWORD
Justina,jhane@gmail.com,DEFAULTPASSWORD
Esteban,quinten05@yahoo.com,DEFAULTPASSWORD
Jake,cali.wunsch@gmail.com,DEFAULTPASSWORD
Esmeralda,barney.sawayn@hintz.com,DEFAULTPASSWORD
Toni,moore.mekhi@gmail.com,DEFAULTPASSWORD
Edgardo,pgreen@gmail.com,DEFAULTPASSWORD
Maria,aschiller@satterfield.biz,DEFAULTPASSWORD
Jace,fkulas@gmail.com,DEFAULTPASSWORD
Deasia,frolfson@jacobs.com,DEFAULTPASSWORD
Dylon,tkuhn@stark.net,DEFAULTPASSWORD
Jayna,alana.cruickshank@quigley.com,DEFAULTPASSWORD
Floyd,gregory.waters@yahoo.com,DEFAULTPASSWORD
Notnamed,odickinson@glover.com,DEFAULTPASSWORD
Trevor,lueilwitz.rollin@gmail.com,DEFAULTPASSWORD
Coby,damore.liana@kassulke.com,DEFAULTPASSWORD
Cory,estelle65@homenick.com,DEFAULTPASSWORD
Kerri,pat32@gmail.com,DEFAULTPASSWORD
Ariel,jennie44@terry.com,DEFAULTPASSWORD
Lourdes,iankunding@yahoo.com,DEFAULTPASSWORD
Neil,gerhold.leda@yahoo.com,DEFAULTPASSWORD
Litzy,guiseppe.predovic@hotmail.com,DEFAULTPASSWORD
Yazmine,tkuhic@bailey.com,DEFAULTPASSWORD
Noelia,sawayn.anabelle@king.com,DEFAULTPASSWORD
Mauro,fredy48@hotmail.com,DEFAULTPASSWORD
Kadin,candelario.legros@frami.com,DEFAULTPASSWORD
Jessica,yweimann@yahoo.com,DEFAULTPASSWORD
Precious,mauricio.orn@hotmail.com,DEFAULTPASSWORD
Luz,frieda.deckow@barton.com,DEFAULTPASSWORD
Harris,jeromy.medhurst@gmail.com,DEFAULTPASSWORD
Marcellus,conroy.mariela@rutherford.com,DEFAULTPASSWORD
Nicolle,tromp.george@moen.com,DEFAULTPASSWORD
Noah,heather.larkin@hilpert.com,DEFAULTPASSWORD
Landon,leffler.edythe@connelly.com,DEFAULTPASSWORD
Caelan,lafayette10@kirlin.biz,DEFAULTPASSWORD
Makaylah,jayden69@aufderhar.com,DEFAULTPASSWORD
Branson,dhuel@klocko.net,DEFAULTPASSWORD
Beatrice,agrant@kiehn.com,DEFAULTPASSWORD
Maximus,mosciski.elisa@hotmail.com,DEFAULTPASSWORD
Terence,oledner@gmail.com,DEFAULTPASSWORD
Candy,olen23@yahoo.com,DEFAULTPASSWORD
Jodie,dooley.josianne@gmail.com,DEFAULTPASSWORD
Charlize,douglas.rhea@leuschke.com,DEFAULTPASSWORD
Conrad,walker.johnpaul@swaniawski.com,DEFAULTPASSWORD
Ellie,gshields@gmail.com,DEFAULTPASSWORD
Leanna,garrick.erdman@kiehn.com,DEFAULTPASSWORD
Denver,jade33@hotmail.com,DEFAULTPASSWORD
Madysen,koss.kareem@gmail.com,DEFAULTPASSWORD
Abrianna,anabel70@kiehn.com,DEFAULTPASSWORD
Alberto,lakin.heber@rippin.com,DEFAULTPASSWORD
Ronald,milton08@hotmail.com,DEFAULTPASSWORD
Rey,ada.schmeler@hotmail.com,DEFAULTPASSWORD
Ricardo,frederick.lemke@gmail.com,DEFAULTPASSWORD
Tye,hickle.myrl@monahan.com,DEFAULTPASSWORD
Regan,champlin.randal@kuhn.com,DEFAULTPASSWORD
Alice,robel.johnathon@mann.com,DEFAULTPASSWORD
Halle,lacey77@gmail.com,DEFAULTPASSWORD
Karissa,skiehn@hotmail.com,DEFAULTPASSWORD
America,jannie96@yahoo.com,DEFAULTPASSWORD
Linnea,lilyan.klocko@sawayn.com,DEFAULTPASSWORD
Melany,mozell.mayer@becker.net,DEFAULTPASSWORD
Nick,dach.horace@yahoo.com,DEFAULTPASSWORD
Emerson,keeling.cale@gislason.biz,DEFAULTPASSWORD
Nasir,ubaldo72@hotmail.com,DEFAULTPASSWORD
Stephon,mackenzie.streich@corkery.com,DEFAULTPASSWORD
